"country","expected_avg_temperature_2050_country"
"Australia",16.6768376068376
"Brazil",16.7471794871795
"Canada",16.7283620689655
"China",16.7288405797101
"France",16.7248360655738
"Germany",16.7594736842105
"India",16.7452991452991
"Pakistan",16.6491228070175
"UK",16.74
"USA",16.6145762711864
